,url,ref_no,pet_name,gender,status,description,address,address_clean,latitude,longitude,color,hex_color
0,https://www.pawboost.com/landing/pet/qpko2mdlJohEUvb_XQxixOACMHcpTnp-/lost-juliette-oakland-ca-94610,5493951,Juliette,Female,LOST,Petite black female cat. Very affectionate. Attentive and vocal. Could be in a shed or bat. ,"Near Burk St & Euclid Ave Oakland, CA 94610","Near+Burk+St+and+Euclid+Ave+Oakland,+CA+94610",37.8091297,-122.2516412,black,#003366
1,https://www.pawboost.com/landing/pet/Ez21xfLD1CK9tQ_tR5G_C7IABkt4A-3b/lost-tom-oakland-ca-94606,5451799,Tom,Male,LOST,Grey domestic cat with grey eyes. Super friendly. Has a chubby neck. Has black spots all over. One thick black stripe down his back. Please help us get him back home. ,"Near E 20th St & 5th Ave Oakland, CA 94606","Near+E+20th+St+and+5th+Ave+Oakland,+CA+94606",37.7997012,-122.2482853,gray,#969888
2,https://www.pawboost.com/landing/pet/5ZanwqHyXCq_UJ0auwhsGhrEMuEMqKZ2/lost-bluashley-oakland-ca-94609,5492462,Blu Ashley,Female,LOST,"Fluffy grey maincoon. Green eyes,  Blue/green collar.","Hoover-Foster Oakland, CA 94609","Hoover-Foster+Oakland,+CA+94609",37.8207406,-122.272478,gray,#969888
3,https://www.pawboost.com/landing/pet/yN7BzhbxsJ2LgUj2b_9B83aUGuFOLIsx/lost-macaroni-oakland-ca-94607,5461933,Macaroni,Male,LOST,Large tall orange tabby,"Prescott Oakland, CA 94607","Prescott+Oakland,+CA+94607",37.812174,-122.2965778,orange,#FF9900
4,https://www.pawboost.com/landing/pet/oP9EWgMv0bkMT_JokNLRZfN_bLK-IXco/lost-mickey-alameda-ca-94501,5461739,Mickey,Female,LOST,Grey/Blue short hair ,"Around Ralphs Alameda, CA 94501","Around+Ralphs+Alameda,+CA+94501",37.7753559,-122.2724372,gray,#969888
5,https://www.pawboost.com/landing/pet/5K0IWzh00HVGN63P5cT2uu0VAZc41kBl/lost-robin-alameda-ca-94501,5483685,Robin,Female,LOST,"Taken from front porch !
long haired black cat","Middle Alameda Alameda, CA 94501","Middle+Alameda+Alameda,+CA+94501",37.7526273,-122.2311322,oher,#ADD8E6
6,https://www.pawboost.com/landing/pet/iaW_M_2P-2orRiESUIQY9QrcydipBWyi/lost-tanya-alameda-ca-94501,5496170,Tanya,Female,LOST,"Black cat, she is about ten pounds but thick looking and has a small tear on one of her ears","Middle Alameda Alameda, CA 94501","Middle+Alameda+Alameda,+CA+94501",37.7526273,-122.2311322,black,#003366
7,https://www.pawboost.com/landing/pet/EOdBmNvCl3kwkmJTuq0fMEUXwS57zEF4/lost-pompey-oakland-ca-94606,5467708,Pompey,Male,LOST,"Pure black, short hair, green eyes, approximately 11 pounds, 8 years old ","Near E 27th St & 19th Ave Oakland, CA 94606","Near+E+27th+St+and+19th+Ave+Oakland,+CA+94606",37.7959854,-122.231919,black,#003366
8,https://www.pawboost.com/landing/pet/OPvZQNBUkkMaCdCZFS_Er-bHRvZi1fKD/lost-chloe-alameda-ca-94501,5445610,Chloe,Female,LOST,NEIGHBORHOOD LAST SEEN,"Central Alameda Alameda, CA 94501","Central+Alameda+Alameda,+CA+94501",37.7703612,-122.2569641,other,#ADD8E6
9,https://www.pawboost.com/landing/pet/vGvUk8IAyQwPCLif6WWZwEY_9jaCrNtx/lost-toru-oakland-ca-94601,5431882,Toru,Male,LOST,"A gray tabby with yellow green eyes. He is very shy and loves to hide in all sorts of places. He may be under your cars, in parking lots, or back/side yards. He was last seen wondering around near Foothill and 27th Ave. Please be out on the lookout!","Oak Tree Oakland, CA 94601","Oak+Tree+Oakland,+CA+94601",37.7820991,-122.2292263,gray,#969888
10,https://www.pawboost.com/landing/pet/N7fR1yx4a9Tr1NCcJx9ZIR5eFFq0UMtF/lost-yukilove-oakland-ca-94609,5478698,Yuki Love,Female,LOST,She don't have a collar,"Lower Rockridge/Fairview Park S. Oakland, CA 94609","Lower+Rockridge/Fairview+Park+S.+Oakland,+CA+94609",37.8321173,-122.2625529,other,#ADD8E6
11,https://www.pawboost.com/landing/pet/6g4wLSG7sfeFNibRC8ami1V4mh3ur3b7/lost-mamakitty-alameda-ca-94501,5474983,Mama Kitty,Female,LOST, White/cream color w/ gray ears and tail. She has blue eyes and the tip of one ear missing she is a feral cat raised on my dad's farm. She jumped in our car to hide. We didn't realize she was with us until she jumped out when we reached Alameda. Mama has a son Riger who jas NEVER been without her,"Near Lincoln Ave & Lea Ct Alameda, CA 94501","Near+Lincoln+Ave+and+Lea+Ct+Alameda,+CA+94501",37.774301,-122.2586412,white,#FFFFFF
12,https://www.pawboost.com/landing/pet/yNHRF1qqeEOCCWDP6RdpyFBWZY4fRyUY/lost-puff-oakland-ca-94609,5429171,Puff,Female,LOST, Tortoiseshell  With striking green eyes. Very soft. Not very approachable. ,"Bushrod Oakland, CA 94609","Bushrod+Oakland,+CA+94609",37.8463046,-122.2668066,calico,#8E593C
13,https://www.pawboost.com/landing/pet/S3z9Qku9R3iVhsCJuzhHVYrqt1TKzGzr/lost-spot-oakland-ca-94601,5373354,Spot,Male,LOST,"Black & white neutered male with a black spot on nose
3/17/19 - found dead in neighbor's yard","Near Deering St & Coolidge Ave Oakland, CA 94601","Near+Deering+St+and+Coolidge+Ave+Oakland,+CA+94601",37.7906052,-122.2156776,black_white,#A9A9A9
14,https://www.pawboost.com/landing/pet/iot6Pw2sr3PKAGtt3sswG3MyLFF7Pl8-/lost-dutch-oakland-ca-94602,5462536,Dutch,Male,LOST,"Black and white with Green eyes and All white Paws
Male Spayed","Near carmel St & Coolidge Ave Oakland, CA 94602","Near+carmel+St+and+Coolidge+Ave+Oakland,+CA+94602",37.8022749,-122.2049102,black_white,#A9A9A9
15,https://www.pawboost.com/landing/pet/KqV4yveJ0k2EUgbc9u81yYVHsJhCkDGc/lost-kiki-oakland-ca-94601,5397322,Kiki,Male,LOST,Black cat with a few white hairs on his chest. ,"Near Vicksburg Ave & 50th Ave Oakland, CA 94601","Near+Vicksburg+Ave+and+50th+Ave+Oakland,+CA+94601",37.7764228,-122.2035274,black,#003366
16,https://www.pawboost.com/landing/pet/L5iWxbBCFc2wO1Ra_iEwlxnzWt7AIMNs/lost-henry-berkeley-ca-94710,5418204,Henry,Male,LOST,Older looking Tabby Male. Fat head.,"West Berkeley Berkeley, CA 94710","West+Berkeley+Berkeley,+CA+94710",37.8743703,-122.2985808,tabby,#D4C19E
17,https://www.pawboost.com/landing/pet/MnkwxS5R1mZn-k1z0_dY94kXiqY47jCA/lost-loki-oakland-ca-94619,5465558,Loki,Male,LOST,"Orange Tabby, Kink at the end of his tail, ""0"" marking in his fur on his side, green eyes, piece of his ear bit off.","Near Harbor View Ave & Vale Ave Oakland, CA 94619","Near+Harbor+View+Ave+and+Vale+Ave+Oakland,+CA+94619",37.7922614,-122.1875541,orange,#FF9900
18,https://www.pawboost.com/landing/pet/tUpOYXyHBdoZiyCTIzs-cTyMPVUgJ0Kq/lost-babo-berkeley-ca-94709,5507919,Babo,Male,LOST,"Black cat, short hair, slim, super friendly.
When he disappeared he had a blue collar with a tag and a bell ","North Shattuck Berkeley, CA 94709","North+Shattuck+Berkeley,+CA+94709",37.880225,-122.2693585,black,#003366
19,https://www.pawboost.com/landing/pet/7VPdQ6oDh6bnqNM_hMI3axYK4MIU1FMl/lost-patrick-oakland-ca-94621,5419891,Patrick,Male,LOST,Black w/t white patch on chest. Wearing blue collar,"Near 66th Ave & San Leandro Oakland, CA 94621","Near+66th+Ave+and+San+Leandro+Oakland,+CA+94621",37.7568289,-122.2007531,black_white,#A9A9A9
20,https://www.pawboost.com/landing/pet/DlH08GQsVN3Y-bk1neQAJtnmTAIhayNn/lost-babyboy-oakland-ca-94605,5483060,Baby Boy,Male,LOST,"Male. Under 2 years old. Friendly, but probably scared.","Near Mauritania Ave & 62nd Ave Oakland, CA 94605","Near+Mauritania+Ave+and+62nd+Ave+Oakland,+CA+94605",37.7756817,-122.1795683,other,#ADD8E6
21,https://www.pawboost.com/landing/pet/n7JmTdmGngI8vZZt_z5PMpdMEOf-9OZ4/lost-babyboy-oakland-ca-94605,5483217,Baby Boy,Male,LOST,"Part Siamese. Creme color with dark tail, face and ears. 

My very sweet and nosey cat is probably Lost, Scared and/or Stuck in your backyard or garage. He is probably very scared. Talk to him, if you see him.","Near Mauritania Ave & 62nd Ave Oakland, CA 94605","Near+Mauritania+Ave+and+62nd+Ave+Oakland,+CA+94605",37.7756817,-122.1795683,other,#ADD8E6
22,https://www.pawboost.com/landing/pet/eVccPWIszjCH12jB0c6qv2HEvbEpnKzN/lost-stoney-alameda-ca-94502,5388617,Stoney,Female,LOST,8 month old female tabby cat.  She is not spayed yet.  ,"Bay Farm Alameda, CA 94502","Bay+Farm+Alameda,+CA+94502",37.7373671,-122.2370271,tabby,#D4C19E
23,https://www.pawboost.com/landing/pet/tuA6EIDuBG-hmgAldWYnbkpAFx4URQ2T/lost-leo-oakland-ca-94621,5366862,Leo,Male,LOST,"Grey and white cat, no collar. His name is Leo. Last seen on Monday night. ","Near 80th Ave & B St Oakland, CA 94621","Near+80th+Ave+and+B+St+Oakland,+CA+94621",37.7553535,-122.1837803,gray,#969888
24,https://www.pawboost.com/landing/pet/S0nXIypBn0EDGshAIzKY-V_cYUStvtUC/lost-belle-albany-ca-94706,5392082,Belle,Female,LOST,"White female domestic short-hair with blue eyes.
Age 11. Weight 9.5 lbs. Chipped #495A054A4B. No collar.
","East Washington Albany, CA 94706","East+Washington+Albany,+CA+94706",37.8883952,-122.2965778,white,#FFFFFF
25,https://www.pawboost.com/landing/pet/gJA4TLAdwHR3FGA-EuM1440ng8Q4r91F/lost-bernie-oakland-ca-94619,5381460,Bernie,Male,LOST,Gray tabby with white chest and white feet.  About 8 months old and very friendly. ,"Skyline-Hillcrest Estates Oakland, CA 94619","Skyline-Hillcrest+Estates+Oakland,+CA+94619",37.7933719,-122.1589938,gray,#969888
26,https://www.pawboost.com/landing/pet/upNStnEepnvRGnyne0njIeR7-KZ8gyIA/lost-medusa-el-cerrito-ca-94530,5424218,Medusa,Female,LOST,BLACK AND WHITE TUXEDO FEMALE. SHE HAS A WHITE CHIN & CHEST AND WHITE TIPS ON HER TOES.,"El Cerrito Plaza El Cerrito, CA 94530","El+Cerrito+Plaza+El+Cerrito,+CA+94530",37.899311,-122.298936,black_white,#A9A9A9
27,https://www.pawboost.com/landing/pet/EUX-DScuD2deCJarlS7Ph8B3cT3RKqru/lost-plato-san-leandro-ca-94577,5479346,Plato,Male,LOST,He didn’t have a collar on but he does have a microchip and he is very shy. ,"Near Haas Ave & Karol Way San Leandro, CA 94577","Near+Haas+Ave+and+Karol+Way+San+Leandro,+CA+94577",37.7299028,-122.155044,other,#ADD8E6
28,https://www.pawboost.com/landing/pet/v-cXSZ0Kd8pSD-KyXAEgPJdJV2iJIkiR/lost-tinywheeler-san-francisco-ca-94110,5482167,Tiny Wheeler,Female,LOST,"She is black,tan and white. She is shy but loving. Don't approach to fast she will bolt. She is also wearing a purple lavender smelling collar","NE Mission Industrial Zone San Francisco, CA 94110","NE+Mission+Industrial+Zone+San+Francisco,+CA+94110",37.7485824,-122.4184108,other,#ADD8E6
29,https://www.pawboost.com/landing/pet/dtPGNEXrIgn3ao3q97rXsyCKUrdIDPuY/lost-oreo-san-leandro-ca-94577,5382924,Oreo,Male,LOST,9-year-old all black cat with a flea collar on. Responds to Oreo. ,"Bay-O-Vista San Leandro, CA 94577","Bay-O-Vista+San+Leandro,+CA+94577",37.7232216,-122.130604,black,#003366
30,https://www.pawboost.com/landing/pet/zH6NWXqWYc5RWUGmahqcqRVkNPyzC0UW/lost-morris-san-francisco-ca-94134,5380714,Morris,Male,LOST,Red Tabby - Male Cat- one Clip cut Ear ,"Visitacion Valley San Francisco, CA 94134","Visitacion+Valley+San+Francisco,+CA+94134",37.7202042,-122.4099154,tabby,#D4C19E
31,https://www.pawboost.com/landing/pet/5p7s47GBSNtHCaUERbs49uBuN5eb6K5m/lost-dot-san-francisco-ca-94131,5398582,Dot,Female,LOST,"We lost our black cat some time between last night and this morning. She is a 15 year old indoor cat who is friendly but not used to being outside, so probably skittish. She escaped from our house on Topaz Way in Diamond Heights. She weighs about 11 pounds and has a bushy tail and green eyes. Answers to Dot. Please message if you see her. She may be hiding in an entrance way or under a car.","Diamond Heights San Francisco, CA 94131","Diamond+Heights+San+Francisco,+CA+94131",37.7423723,-122.4424773,black,#003366
32,https://www.pawboost.com/landing/pet/TLaV-beYU2f5jXjic3yeQF8yHlJ3GEIh/lost-pepper-san-leandro-ca-94579,5472285,Pepper,Male,LOST,NEIGHBORHOOD LAST SEEN,"Washington Manor East San Leandro, CA 94579","Washington+Manor+East+San+Leandro,+CA+94579",37.6851553,-122.1575745,other,#ADD8E6
33,https://www.pawboost.com/landing/pet/Aw1ylyAe9W9gtsLsaTwIQ74MFgicfB71/lost-bug-san-francisco-ca-94112,5455289,Bug,Male,LOST,"Black,gray tabby with orange eyes. Hes about 4 mos. Old still small and very independant and aggresive. Also fearless and playful.","Near Munich St & Naples St San Francisco, CA 94112","Near+Munich+St+and+Naples+St+San+Francisco,+CA+94112",37.7111593,-122.4383924,tabby,#D4C19E
34,https://www.pawboost.com/landing/pet/sS7D2Z5Hfr45dZJVXWpEQcVn8HZ7_eQ1/lost-onyx-san-pablo-ca-94806,5453163,Onyx,Female,LOST,"black long hair fluffy tail, black collar with moon and stars on it","Near Powell St & Dover Ave San Pablo, CA 94806","Near+Powell+St+and+Dover+Ave+San+Pablo,+CA+94806",37.9584028,-122.3459969,black,#003366
35,https://www.pawboost.com/landing/pet/XFXYLzid-vqLu9qJSKZ6j7u-gSGxvL1d/lost-bentley-tiburon-ca-94920,5418845,Bentley,Male,LOST,White Silver Tipped Persian Cat Show Quality very gentle and shy,"Round Hill Tiburon, CA 94920","Round+Hill+Tiburon,+CA+94920",37.8865023,-122.4659749,white,#FFFFFF
36,https://www.pawboost.com/landing/pet/8Lrp41WFIBw2WQ7slf6GJIe-L65gJC99/lost-sebastian-castro-valley-ca-94578,5440526,Sebastian,Male,LOST,"Tabby with white chest and paws. 4 1/2 years old, neutered, 16 lbs., and friendly. No collar but does have a microchip.Contact tonyblueprint@yahoo.com. Thank You.","Near 167th Ave & President Dr. Castro Valley, CA 94578","Near+167th+Ave+and+President+Dr.+Castro+Valley,+CA+94578",37.6973139,-122.1008963,tabby,#D4C19E
37,https://www.pawboost.com/landing/pet/Mlply73vJEaO0M3vrNXzv3fv8dcngHjO/lost-gus-walnut-creek-ca-94595,5429782,Gus,Male,LOST,"White with black spots, black tail, pink nose","Rossmoor Walnut Creek, CA 94595","Rossmoor+Walnut+Creek,+CA+94595",37.8655663,-122.0666997,white,#FFFFFF
38,https://www.pawboost.com/landing/pet/8L5yF-e_92dODUG75m2lV2MRpG8kLlwl/lost-millhouse-hayward-ca-94541,5498727,Millhouse,Female,LOST,"Millhouse is a black cat. She is slightly older and larger than the photo, but recognizable by her somewhat crossed eyes. Likes to climb, but then sometimes has trouble getting down. Will meow for food. Unfortunately she lost her collar prior to straying. We miss her!","Near Langton Way & Harmony Dr Hayward, CA 94541","Near+Langton+Way+and+Harmony+Dr+Hayward,+CA+94541",37.6872634,-122.105587,black,#003366
39,https://www.pawboost.com/landing/pet/uoaXork2SD73o6gfRnuA5G_FYRGFC1fM/lost-topcat-richmond-ca-94806,5497135,Top Cat,Male,LOST,6 years old gray with stripes medium sized cat white hair in years neutered has a chip no collar,"Fairmede-Hilltop Richmond, CA 94806","Fairmede-Hilltop+Richmond,+CA+94806",37.9731224,-122.3305918,gray,#969888
40,https://www.pawboost.com/landing/pet/F8sUPaHZx8K5ZJh9ZquEo3D_FbUKCfB1/lost-bug-el-sobrante-ca-94803,5435373,Bug,Female,LOST,"white with gray splotches, pink nose, around 11 lbs, short hair.","El Sobrante El Sobrante, CA 94803","El+Sobrante+El+Sobrante,+CA+94803",37.9587253,-122.2767313,white,#FFFFFF
41,https://www.pawboost.com/landing/pet/qYPqa90y2KSoHK6IDWDaqv6Ir9mzTdQd/lost-boba-cherryland-ca-94541,5371373,Boba,Male,LOST,***STILL MISSING CAT IN HAYWARD ON BLOSSOM WAY near Santos St. $1000 REWARD FOR SAFE RETURN***My baby hasn’t come back home yet. His name is Boba. He escaped as soon as I opened my backdoor. ????????He lives on Blossom way near Santos st. He’s a boy (not neutered yet) with a teal collar. He hates wearing his collar so I wouldn’t be surprised if he took it off. Not microchipped. About a year old. Some orange on his face near his nose. Very friendly. Please help me find my baby ????,"Near Santos St & Blossom Way Cherryland, CA 94541","Near+Santos+St+and+Blossom+Way+Cherryland,+CA+94541",37.6784577,-122.1036324,other,#ADD8E6
42,https://www.pawboost.com/landing/pet/eFoen23pcN5y70dPsi7lom-jM6kvGY7V/lost-zelda-daly-city-ca-94014,5433053,Zelda,Female,LOST,"Missing Cat
Small black Bombay cat missing. Missing since February 28th 2019 evening. She is black but with white hair on her chest and between her legs. Her name is Zelda. She will respond to sound. She was last seen in Daly City. If you see her please call us at 415-763-9968. We are located at 630 price street. 
Please help us locate her! 
Thank you for any information about her!","Hillside Daly City, CA 94014","Hillside+Daly+City,+CA+94014",37.694996,-122.4608775,other,#ADD8E6
43,https://www.pawboost.com/landing/pet/P4NTkVnX05wWqOEcfaJarrIbaN2eSFRZ/lost-blaze-daly-city-ca-94014,5465345,Blaze,Male,LOST,White Bib and white paws with no collar.,"Hillside Daly City, CA 94014","Hillside+Daly+City,+CA+94014",37.694996,-122.4608775,white,#FFFFFF
44,https://www.pawboost.com/landing/pet/8KHR7Sn5mNAMZyyzx128duIZ-oiFFdaM/lost-gypsy-walnut-creek-ca-94595,5421735,Gypsy,Female,LOST,"Tuxedo cat with short back fur and white chest, underbelly, chin, and paws and yellow-green eyes.","Tice Valley Walnut Creek, CA 94595","Tice+Valley+Walnut+Creek,+CA+94595",37.8758671,-122.067272,black_white,#A9A9A9
45,https://www.pawboost.com/landing/pet/cuqcn2RI0H07oa9w3lcrw8xw86gh4Idd/lost-miyazaki-hayward-ca-94541,5424080,Miyazaki,Male,LOST,Tan tabby. Has a abnormal growth(1/2”-1/4”) on left side in front of back leg. Needs medicine. No coller or tags. Neutered,"Longwood/Winton Grove Hayward, CA 94541","Longwood/Winton+Grove+Hayward,+CA+94541",37.659947,-122.1107267,black_white,#A9A9A9
46,https://www.pawboost.com/landing/pet/kg9hhtp2PA7r_IrFbeXkLMToB9OFhtbv/lost-geordi-broadmoor-ca-94015,5509554,Geordi,Male,LOST,"black with white belly and paws, very friendly, sometimes shy","Near 87th St & Sullivan Ave Broadmoor, CA 94015","Near+87th+St+and+Sullivan+Ave+Broadmoor,+CA+94015",37.6932654,-122.4722503,black_white,#A9A9A9
47,https://www.pawboost.com/landing/pet/clOpC--ULzvxCLISnz3RLBay_bbDNesO/lost-gracie-castro-valley-ca-94546,5462004,Gracie,Female,LOST,Black & White - Domestic Short Hair,"Near Young Ave & Idena Ave Castro Valley, CA 94546","Near+Young+Ave+and+Idena+Ave+Castro+Valley,+CA+94546",37.6882268,-122.07097,black_white,#A9A9A9
48,https://www.pawboost.com/landing/pet/Croy1tzncd3b6RQ3eN9IwlcUl5iy3BFY/lost-temoo-hayward-ca-94544,5474589,Temoo,Male,LOST,gray Himalayan cat. Very cute.. I am heart brokern,"Burbank Hayward, CA 94544","Burbank+Hayward,+CA+94544",37.6651179,-122.0936861,gray,#969888
49,https://www.pawboost.com/landing/pet/JYHW-hyQi0Uez9fOTRcXfIgeTmiDXpAi/lost-princess-hercules-ca-94547,5370904,Princess,Female,LOST,Princess has white and tan long hair with black spots.,"The Astronauts Hercules, CA 94547","The+Astronauts+Hercules,+CA+94547",38.00674,-122.259717,white,#FFFFFF
50,https://www.pawboost.com/landing/pet/SkRedeqhDM85FjIk0QjKPF8o9pj2jPe7/lost-saunga-contra-costa-county-ca-94597,5412570,Saunga,Female,LOST,"Nervous, medium sized long haired. Big blue eyes, slightly crossed. Himalayan, older cat","Near Hudson Ave & Eccleston Ave Contra Costa County, CA 94597","Near+Hudson+Ave+and+Eccleston+Ave+Contra+Costa+County,+CA+94597",37.9313003,-122.0690258,other,#ADD8E6
51,https://www.pawboost.com/landing/pet/7FaPg9JDha5Wc-_8Th6xOv_z4XC2Yj0E/lost-buddy-walnut-creek-ca-94597,5441105,Buddy,Male,LOST,"Brown and back stripes. Loves people, and likes to talk. ","Hedgewood Walnut Creek, CA 94597","Hedgewood+Walnut+Creek,+CA+94597",37.9193365,-122.0780632,tabby,#D4C19E
52,https://www.pawboost.com/landing/pet/_kCBhDlnM9nf_7BGSKj_15Yn1nwpGA5X/lost-buddy-walnut-creek-ca-94597,5454671,Buddy,Male,LOST,"Brown and black stripes, super loveable. Likes to talk, and responds to ""buddy"". Please help! Small reward. ","Hedgewood Walnut Creek, CA 94597","Hedgewood+Walnut+Creek,+CA+94597",37.9193365,-122.0780632,tabby,#D4C19E
53,https://www.pawboost.com/landing/pet/zj_QHUXFTWdtxcZTnZvorB5vBuNkSYpN/lost-rayita-hayward-ca-94544,5412781,Rayita,Female,LOST,She's a black and white cat. She has white on the tip of her tail and a black spot below her mouth.,"Schafer Park Hayward, CA 94544","Schafer+Park+Hayward,+CA+94544",37.6425639,-122.08623,black_white,#A9A9A9
54,https://www.pawboost.com/landing/pet/20ts0yPAcDvaQsz0kKYKLUFsZY2Qyw7T/lost-ginger-pleasant-hill-ca-94523,5494697,Ginger,Female,LOST,"shy, friendly cat ","Downtown Pleasant Hill Pleasant Hill, CA 94523","Downtown+Pleasant+Hill+Pleasant+Hill,+CA+94523",37.9463749,-122.0620111,other,#ADD8E6
55,https://www.pawboost.com/landing/pet/KoXDO2HpWUeqBWF0mC2jkc8PNGXI8uGs/lost-beegee-pleasant-hill-ca-94523,5465289,Beegee,Male,LOST,"Black & White cat, could be described as a white cat with a black mask and cape, and a large white spot in the middle of his back and extra large ""thumbs.""  He is gentle and sweet, loves his head scratched and to be petted, dislikes being held","Near Lucille Ln & Kathleen Dr Pleasant Hill, CA 94523","Near+Lucille+Ln+and+Kathleen+Dr+Pleasant+Hill,+CA+94523",37.955504,-122.0734243,black_white,#A9A9A9
56,https://www.pawboost.com/landing/pet/17CqQ9hRjLHdQ1tNFawomERCI8BPZgpV/found-stray-thispet-piedmont-ca-94610,5499798,Unknown,Female,FOUND,"I think it might be a calico cat... Not to sure, this cat is very skinny. It could possible be a stray. Looks like A teenage cat...","Near la Salle Ave & King Ave Piedmont, CA 94610","Near+la+Salle+Ave+and+King+Ave+Piedmont,+CA+94610",37.8152561,-122.2239504,calico,#8E593C
57,https://www.pawboost.com/landing/pet/-kF0OoECqlOp9S_JwU9WJNkSNVYqvK9f/found-stray-unsure-oakland-ca-94601,5406229,Unknown,Male,FOUND,Very friendly and sweet. ,"Near 47th Ave & Ygnacio Ave Oakland, CA 94601","Near+47th+Ave+and+Ygnacio+Ave+Oakland,+CA+94601",37.774218,-122.2079612,other,#ADD8E6
58,https://www.pawboost.com/landing/pet/FOLymmKQbHJ7Wtrbu5UQLLI8SoH6-0ZT/found-stray-none-oakland-ca-94605,5445880,Unknown,Unknown,FOUND,Multi colored cat,"Near 67th Ave & Avenal Ave Oakland, CA 94605","Near+67th+Ave+and+Avenal+Ave+Oakland,+CA+94605",37.7652429,-122.186799,other,#ADD8E6
59,https://www.pawboost.com/landing/pet/T1W061MY0WgXjwk_WuXznbmZqyrTeicd/found-stray-tiger-oakland-ca-94605,5412303,Unknown,Female,FOUND,Orange white has collar with pink bow. Super friendly.  ,"Near Parker Ave & Outlook Ave Oakland, CA 94605","Near+Parker+Ave+and+Outlook+Ave+Oakland,+CA+94605",37.7683715,-122.1655665,orange,#FF9900
60,https://www.pawboost.com/landing/pet/qXEhVVZT3kWYJys1Fh_KiCX_SAjxISpy/found-stray-tiger-oakland-ca-94605,5412800,Unknown,Female,FOUND,"Super friendly and obviously lost from a family.  She is safe, fed and warm  Please spread the word so we can get her home.","Near Parker Ave & Outlook Ave Oakland, CA 94605","Near+Parker+Ave+and+Outlook+Ave+Oakland,+CA+94605",37.7683715,-122.1655665,other,#ADD8E6
61,https://www.pawboost.com/landing/pet/M-8bw1Bz6eK4Tu_mL5cpwGolfTb7cwyB/found-stray-thispet-oakland-ca-94605,5370159,Unknown,Female,FOUND,Calico Cat that I have been feeding every night for the last 2 weeks.,"Near Coach Dr & Phaeton Dr Oakland, CA 94605","Near+Coach+Dr+and+Phaeton+Dr+Oakland,+CA+94605",37.7731609,-122.1390611,calico,#8E593C
62,https://www.pawboost.com/landing/pet/QQXhIwWuqeA5sur2fglz73qmqXH5jGI7/found-stray-thispet-san-francisco-ca-94107,5447641,Unknown,Unknown,FOUND,Black cat with white chest and white paws. ,"Potrero Hill San Francisco, CA 94107","Potrero+Hill+San+Francisco,+CA+94107",37.7618242,-122.3985871,black,#003366
63,https://www.pawboost.com/landing/pet/ZsDLbMKFt9aFlZi9rnYHym4dhtL4ChyV/found-stray-thispet-san-leandro-ca-94577,5470380,Unknown,Unknown,FOUND,NEIGHBORHOOD LAST SEEN,"Harlan-Estabrook-Castro San Leandro, CA 94577","Harlan-Estabrook-Castro+San+Leandro,+CA+94577",37.7171484,-122.1556111,other,#ADD8E6
64,https://www.pawboost.com/landing/pet/nXeOeZaF9eDlESt_bH4cF2atbA45HJO0/found-stray-thispet-san-francisco-ca-94117,5509632,Unknown,Male,FOUND,Sweet male cat who loves to purr and cuddle just walked into our front door. He seemed a little lost and has no collar.,"Alamo Square San Francisco, CA 94117","Alamo+Square+San+Francisco,+CA+94117",37.7774994,-122.433252,other,#ADD8E6
65,https://www.pawboost.com/landing/pet/mLVcy1OwJVGbdwzSEn_Vmi8ECxuI5U7D/found-stray-thispet-san-francisco-ca-94115,5516397,Unknown,Male,FOUND,Orange tabby (assume it's a male). Very old/sick/injured. Brought to San Francisco Animal Care Control.,"Alamo Square San Francisco, CA 94115","Alamo+Square+San+Francisco,+CA+94115",37.7774994,-122.433252,orange,#FF9900
66,https://www.pawboost.com/landing/pet/kCiP-AJva17sSaO2yctW9vqQG37VxDAQ/found-stray-thispet-contra-costa-county-ca-94808,5409352,Unknown,Female,FOUND,"Seems to be a younger female, possible kitten. Has extra toes on her front paws. Bright blue eyes. Very friendly. Found her at the 7-eleven on Macdonald Ave in Richmond. Seemed starved when given food. ","Near W Macdonald Ave & 27th St Contra Costa County, CA 94808","Near+W+Macdonald+Ave+and+27th+St+Contra+Costa+County,+CA+94808",37.9350806,-122.3429132,other,#ADD8E6
67,https://www.pawboost.com/landing/pet/VGJqnNEEnXx9bw1LLE4FIDtx9o9QtXWG/found-stray-thispet-san-francisco-ca-94117,5463461,Unknown,Unknown,FOUND,"This cat visits me nearly every day and sleeps on my balcony sofa for hours at a time. It usually leaves at night. Looks well fed and healthy, not very feral. But no collar so assumed was homeless. I enjoy his visits, but somebody might be worried about him. ","Central Cole Valley San Francisco, CA 94117","Central+Cole+Valley+San+Francisco,+CA+94117",37.7650406,-122.4502301,other,#ADD8E6
68,https://www.pawboost.com/landing/pet/b69pWzsGP82daJoi8c-LPRV0ABdc2InI/found-stray-thispet-el-sobrante-ca-94803,5412495,Unknown,Unknown,FOUND,"Long hair gray cat with green eyes. He or she is friendly. At first I thought he/she had a home cuz he/she would just come to my back door periodically at night for food and then would leave. But in the last couple of days since it’s been raining he/she has been showing up soaking wet and cold so I let him/her in the garage. He/she really wants to come in my house. I have not yet taken him/her to see if there’s a microchip. I will this weekend. I anyone knows any information on anyone who’s been missing a gray long haired green eyed cat, please let me know. Thank you ","San Pablo Dam Rd & Castro El Sobrante, CA 94803","San+Pablo+Dam+Rd+and+Castro+El+Sobrante,+CA+94803",37.965262,-122.311283,gray,#969888
69,https://www.pawboost.com/landing/pet/-TWXkST-09E476-lDK85e1r_PZol81iA/found-stray-stray-san-leandro-ca-94578,5390137,Unknown,Female,FOUND,dilute tortie  gray and tan,"Floresta Gardens San Leandro, CA 94578","Floresta+Gardens+San+Leandro,+CA+94578",37.7050703,-122.1235054,calico,#8E593C
70,https://www.pawboost.com/landing/pet/onMIFR6jL3NsepG7CyR8ul0ugGRnk61R/found-stray-thispet-el-sobrante-ca-94803,5459678,Unknown,Male,FOUND,"Friendly, clean, and healthy looking","Near Idlewood Cir & Allview Ave El Sobrante, CA 94803","Near+Idlewood+Cir+and+Allview+Ave+El+Sobrante,+CA+94803",37.985445,-122.2991227,other,#ADD8E6
71,https://www.pawboost.com/landing/pet/JimJhcNJFlmHy13Vj1HPQJaIy7DTpVAZ/found-stray-thispet-castro-valley-ca-94552,5368948,Unknown,Male,FOUND,"Male (not neutered) approx 1 year old
White with tabby patches, very friendly, obviously missing from a home","Coldwater-Shadow Ridge Castro Valley, CA 94552","Coldwater-Shadow+Ridge+Castro+Valley,+CA+94552",37.7092024,-122.0439903,other,#ADD8E6
72,https://www.pawboost.com/landing/pet/oq00DJibakJUMLAQ44kCMjv4tg0TeoGN/reunited-jax-oakland-ca-94610,5485310,Jax,Male,SAFE,"Jax is a tabby colored cat with a white belly, paws, and a bit on his face. He’s friendly and very vocal. Fixed and declawed in the front paws.  4 years old and has only been an indoor cat.","Oakland, CA 94610","Oakland,+CA+94610",37.8104485,-122.2398636,tabby,#D4C19E
73,https://www.pawboost.com/landing/pet/8voHTy_iZxOwMzKWh4e3sJqUZ-6r7SYI/reunited-chad-oakland-ca-94606,5450995,Chad,Male,SAFE,Black and White cat (sometimes called a tuxedo cat) 10 years old but very active and friendly,"Oakland, CA 94606","Oakland,+CA+94606",37.7944092,-122.2455364,black_white,#A9A9A9
74,https://www.pawboost.com/landing/pet/uEmdVyeiT6gOhn-lN93mRZ12Uvb4_07c/reunited-justice-oakland-ca-94607,5429986,Justice,Male,SAFE,NEIGHBORHOOD LAST SEEN,"Oakland, CA 94607","Oakland,+CA+94607",37.8134679,-122.307917,other,#ADD8E6
75,https://www.pawboost.com/landing/pet/MHr71Jv79AITQCOmYLr4cEXCY_4lFp8d/reunited-loki-oakland-ca-94610,5507282,Loki,Male,SAFE,Loki has one eye but is fully blind. His tail is shorter than most. He's a tiger-striped tabby with a quarter-sized white patch on his chest. Very friendly.,"Oakland, CA 94610","Oakland,+CA+94610",37.8104485,-122.2398636,tabby,#D4C19E
76,https://www.pawboost.com/landing/pet/mi8ie5x3yxbuSXboiVqPmV8jSnERgi1n/reunited-luna-oakland-ca-94611,5396921,Luna,Female,SAFE,Microchipped. Spayed. Wearing a shiny purple collar with a red name tag. ,"Oakland, CA 94611","Oakland,+CA+94611",37.8336281,-122.2029832,other,#ADD8E6
77,https://www.pawboost.com/landing/pet/aFvQ2ZwZ-E1eBX3mLZs1VoqOQUutBR1M/reunited-romelu-oakland-ca-94608,5467952,Romelu,Male,SAFE,"8 month old brown tabby kitten, no collar, but has a microchip. ","Oakland, CA 94608","Oakland,+CA+94608",37.837959,-122.2824021,tabby,#D4C19E
78,https://www.pawboost.com/landing/pet/bWsWhpu63IwCYAxfjbnlfgejgVbb-F9B/reunited-liba-oakland-ca-94602,5454579,Liba,Female,SAFE,"Tortiseshell short hair female with light eyebrows and orange eyes, approx 2 yrs old. Shy and talkative, responds to her name.","Oakland, CA 94602","Oakland,+CA+94602",37.8015517,-122.2143323,other,#ADD8E6
79,https://www.pawboost.com/landing/pet/Uo6Jdtp_I0PLt99IKBd-BvvUEHSn8DBt/reunited-calicobunny-oakland-ca-94601,5392063,Calico Bunny,Female,SAFE,"Calico kitty, 4 years old, weighs about 5lbs.  Petite with white front legs and belly.  She got out the front door when it was accidentally left open.  Did not see her leave but she has disappeared. ","Oakland, CA 94601","Oakland,+CA+94601",37.7729273,-122.2143323,calico,#8E593C
80,https://www.pawboost.com/landing/pet/JkKj-VEdKOn1lJvicy6SoZd7sFP36k_E/reunited-raja-alameda-ca-94501,5450424,Raja,Female,SAFE,She’s a little sweet calico kitty with a cute little black dot on her lip. ,"Alameda, CA 94501","Alameda,+CA+94501",37.7712165,-122.2824021,calico,#8E593C
81,https://www.pawboost.com/landing/pet/2HDWoUbGwd3HpftqzwlcHbYR17pK2iO4/reunited-emi-berkeley-ca-94705,5380186,Emi,Female,SAFE,10 year old blue cream point Siamese mix. Very sweet. She has blue eyes and is missing one of her upper canine teeth. ,"Berkeley, CA 94705","Berkeley,+CA+94705",37.8646149,-122.2341905,other,#ADD8E6
82,https://www.pawboost.com/landing/pet/YkwM3UkqELvEPnen9uO7TlIGckSnN3Ps/reunited-mask-berkeley-ca-94703,5461742,Mask,Female,SAFE,"A long-hair calico cat with large orange, black and white spots. Last seen at the intersection of Stuart and California Streets in Berkeley on March 14th. Her name is Mask because the black spot on her face resembles an eye-mask. Semi-domesticated, sweet and mellow. Missing from her home since March 5th and may be distressed. May have spots on her belly from recent hair-mat removal. Mask is a big fan of sardines and tuna. Enjoys neck rubs and cuddles. Doesn't like to be picked up and held indoors. She recognizes as her territory the area between 1930 and 1938 Stuart Street. Please, please, please help me find her!","Berkeley, CA 94703","Berkeley,+CA+94703",37.8524741,-122.2738958,calico,#8E593C
83,https://www.pawboost.com/landing/pet/QX4EzRP-CkH9M759z6-Or2xpytiGwFfE/reunited-gomez-oakland-ca-94619,5401420,Gomez,Male,SAFE,Chubby black neutered male ,"Oakland, CA 94619","Oakland,+CA+94619",37.7936811,-122.1462193,black,#003366
84,https://www.pawboost.com/landing/pet/lk5N64OHGnAsB5oy_oToZTlYlpPP-__A/reunited-patrick-oakland-ca-94621,5453244,Patrick,Male,SAFE,He is black with white on his chest with a dark blue collar name is patrick. If someone at these apartment by ne has him please let him out he knows his way home,"Oakland, CA 94621","Oakland,+CA+94621",37.7347438,-122.2143323,black_white,#A9A9A9
85,https://www.pawboost.com/landing/pet/3zB6dNMFD324MNDU1xFVT-jnltrm8NTL/reunited-bunsen-oakland-ca-94605,5432790,Bunsen,Male,SAFE,"tuxedo, black paw pads, missing hair from middle of tai/injuredl ","Oakland, CA 94605","Oakland,+CA+94605",37.7554905,-122.1462193,black_white,#A9A9A9
86,https://www.pawboost.com/landing/pet/hJHBwOXJLRXqw2VFBuCi23oZOzU_fqFy/reunited-angie-alameda-ca-94502,5496861,Angie,Male,SAFE,Orange Tabby about 7-8 years old. Wears faint green collar.,"Alameda, CA 94502","Alameda,+CA+94502",37.7339032,-122.2483726,orange,#FF9900
87,https://www.pawboost.com/landing/pet/upymCcdHy9DPYzZREj7f74X25Rum3g6_/reunited-tinybear-oakland-ca-94605,5452090,Tiny Bear,Male,SAFE,"We are out of town and our housesitter accidentally left a window open and both cats got through the screen. They have only found one of our cats, Tiny Bear is still missing :( He is a large, black fluffy long-haired cat, with one white whisker and a white spot on his stomach. He is chipped but is not wearing a collar. He is shy but very sweet and does not bite or scratch. Please let us know if you have seen him! ","Oakland, CA 94605","Oakland,+CA+94605",37.7554905,-122.1462193,other,#ADD8E6
88,https://www.pawboost.com/landing/pet/JeIPU6DIFOPoxxBhcbyCJu-rdiPZA0qZ/reunited-thispet-albany-ca-94706,5442848,this pet,Male,SAFE,Orange shorts haired tabby,"Albany, CA 94706","Albany,+CA+94706",37.8883952,-122.2965778,orange,#FF9900
89,https://www.pawboost.com/landing/pet/JKlQYPVwa8-cH_1eUYzIqyMWnDla8Jd5/reunited-teto-san-francisco-ca-94133,5506147,Teto,Female,SAFE,"Black, grey, brown stripped. Small short haired domestic breed ","San Francisco, CA 94133","San+Francisco,+CA+94133",37.8059887,-122.4099154,other,#ADD8E6
90,https://www.pawboost.com/landing/pet/NjQEuwaWfr2-ENjrRNse-Y4MvY5A6LYo/reunited-thispet-san-francisco-ca-94110,5394061,this pet,Female,SAFE,OWNER WAS LOCATED< please disregard post. ,"San Francisco, CA 94110","San+Francisco,+CA+94110",37.7485824,-122.4184108,other,#ADD8E6
91,https://www.pawboost.com/landing/pet/fCk3s2CpY5Zfd045rFdm1zPGLAtr8ySi/reunited-indya-san-leandro-ca-94577,5405044,Indya,Female,SAFE,"All black cat, 7 lbs, green eyes. May or may not still be wearing her green collar with purple tags showing our former Seattle address.","San Leandro, CA 94577","San+Leandro,+CA+94577",37.7199247,-122.1689284,black,#003366
92,https://www.pawboost.com/landing/pet/IaodMqZNNI9wv4_p0kOu_yQDsfd8DEgL/reunited-jonah-san-francisco-ca-94110,5469925,Jonah,Male,SAFE,"Grey/brown tabby, medium sized, greenish eyes","San Francisco, CA 94110","San+Francisco,+CA+94110",37.7485824,-122.4184108,tabby,#D4C19E
93,https://www.pawboost.com/landing/pet/76x-B_g-OBdSREOSXv_m4FYNOtDnDvTU/reunited-gingerandelsa-san-leandro-ca-94577,5397621,Ginger And Elsa,Female,SAFE,Light Orange and gray tort,"San Leandro, CA 94577","San+Leandro,+CA+94577",37.7199247,-122.1689284,orange,#FF9900
94,https://www.pawboost.com/landing/pet/0eNLynqlGWepNhB--fyLYZubzBkC81Xg/reunited-kurtis-san-francisco-ca-94115,5461445,Kurtis,Male,SAFE,"Large fluffy gray cat with white on face, chest, tummy and paws","San Francisco, CA 94115","San+Francisco,+CA+94115",37.7877522,-122.4382307,gray,#969888
95,https://www.pawboost.com/landing/pet/ESYwQLtGkqXMKitPX2gtVQn_RpxG46df/reunited-keanu-san-francisco-ca-94134,5467339,Keanu,Male,SAFE,"Domestic shorthair, brown tabby. He is wearing a pink and white collar with a pink bell, no name tags.","San Francisco, CA 94134","San+Francisco,+CA+94134",37.7202042,-122.4099154,tabby,#D4C19E
96,https://www.pawboost.com/landing/pet/QfFNEkuwYyJIfH2fp-KZt2tyLQvVdNDJ/reunited-chickadee-san-francisco-ca-94117,5505580,Chickadee,Female,SAFE,Black and white fluffy female Norwegian Forest mix. Has claws. Spayed. Quiet voice Sweet and playful. 6 years old.,"San Francisco, CA 94117","San+Francisco,+CA+94117",37.7717185,-122.4438929,black_white,#A9A9A9
97,https://www.pawboost.com/landing/pet/ujMSp_UJaNiBhHeffyqy772QBMqACb9i/reunited-nutmeg-san-francisco-ca-94131,5430516,Nutmeg,Female,SAFE,"White, with mixed brown-striped and orange patches. ","San Francisco, CA 94131","San+Francisco,+CA+94131",37.7401042,-122.4382307,white,#FFFFFF
98,https://www.pawboost.com/landing/pet/ZCFsE9FDhmERSJuinjf20Ka0fvj2vGKY/reunited-sodapop-san-francisco-ca-94117,5397137,Soda Pop,Male,SAFE,"He might be anywhere! Someone may have seen him in the Sunset! He is sweet, fluffy when not wet, Gray, loves the containers treets come in and the sound they make.","San Francisco, CA 94117","San+Francisco,+CA+94117",37.7717185,-122.4438929,other,#ADD8E6
99,https://www.pawboost.com/landing/pet/L1DZZ0MjgVfHICkdovqPN9RmSUV7Nc4Y/reunited-turtle-san-francisco-ca-94129,5460946,Turtle,Female,SAFE,"Calico, microchipped, female, very friendly","San Francisco, CA 94129","San+Francisco,+CA+94129",37.793323,-122.4665384,calico,#8E593C
100,https://www.pawboost.com/landing/pet/yr59zysMvCKTn0iHp_0bxJt1VxmQbNDj/reunited-gato-richmond-ca-94805,5466579,Gato,Female,SAFE,"Diamond face, dark tails and paws ","Richmond, CA 94805","Richmond,+CA+94805",37.9383242,-122.3277578,other,#ADD8E6
101,https://www.pawboost.com/landing/pet/JlbDsS0w8Sn-rMohWYDl5D4dtk6qIPqC/reunited-nomi-san-leandro-ca-94579,5406526,Nomi,Male,SAFE,Black & White cat with only spots on one side,"San Leandro, CA 94579","San+Leandro,+CA+94579",37.6851553,-122.1575745,black_white,#A9A9A9
102,https://www.pawboost.com/landing/pet/bSNfgA8i4xMOnJqL_FT3EWl5WYXKUW4D/reunited-mickey-san-francisco-ca-94127,5506175,Mickey,Male,SAFE,Mickey does not have a collar. He weighs about 5-10 pounds. ,"San Francisco, CA 94127","San+Francisco,+CA+94127",37.734646,-122.463708,other,#ADD8E6
103,https://www.pawboost.com/landing/pet/fhaY9kfHL8sMIjRuYfBv70DWxAx8jEzl/reunited-bongo-san-francisco-ca-94122,5450896,Bongo,Male,SAFE,"Medium sized cat with orange fur, very friendly. ","San Francisco, CA 94122","San+Francisco,+CA+94122",37.7597481,-122.4750292,orange,#FF9900
104,https://www.pawboost.com/landing/pet/MYaIBYVVE88hqFQczcraxgDo1TgGXl6o/reunited-yoshi-brisbane-ca-94005,5435264,Yoshi,Male,SAFE,White and gray cat with green eyes. 2 years old. Less than 10 lbs. Manx cat. Stub tail (almost no tail). Microchipped.,"Brisbane, CA 94005","Brisbane,+CA+94005",37.6948419,-122.4070834,white,#FFFFFF
105,https://www.pawboost.com/landing/pet/9FAZnG7rKVIzRI9lEi8kh3vHoAt7ci20/reunited-shadow-san-lorenzo-ca-94580,5487363,Shadow,Female,SAFE,"Black with brown undertones.  Long fur like a main coin.  Green Eyes. 9 lbs, but looks larger because of all the fur. ??","San Lorenzo, CA 94580","San+Lorenzo,+CA+94580",37.6729393,-122.1348629,black,#003366
106,https://www.pawboost.com/landing/pet/zfIuBJDbnc4uPInyk8eYXryjZOjGnmix/reunited-tiger-san-francisco-ca-94112,5426061,Tiger,Female,SAFE,Bengal Cat with light color fur and black spots. ,"San Francisco, CA 94112","San+Francisco,+CA+94112",37.7225491,-122.4410618,other,#ADD8E6
107,https://www.pawboost.com/landing/pet/owzFt-f9TxfKBb1O6b1cDWUCxhoZlAox/reunited-deedee-san-lorenzo-ca-94580,5474495,Dee Dee,Female,SAFE,"brown/grey/white tabby/calico, chubby, wearing a pink collar with pink/pewter ID tag and yellow plastic tag.  White chest/paws, big belly","San Lorenzo, CA 94580","San+Lorenzo,+CA+94580",37.6729393,-122.1348629,other,#ADD8E6
108,https://www.pawboost.com/landing/pet/BKAH-Votbfko-u7R6t5ZbseQHWiZLi45/reunited-thispet-san-lorenzo-ca-94580,5427044,this pet,Female,SAFE,"Sweet, friendly, possible indoor cat (not afraid of cars)","San Lorenzo, CA 94580","San+Lorenzo,+CA+94580",37.6729393,-122.1348629,other,#ADD8E6
109,https://www.pawboost.com/landing/pet/De0ptDl59mPlHmsaPHX1H1ZCJ-EdJKvp/reunited-sky-san-lorenzo-ca-94580,5510156,Sky,Female,SAFE,Calico ,"San Lorenzo, CA 94580","San+Lorenzo,+CA+94580",37.6729393,-122.1348629,calico,#8E593C
110,https://www.pawboost.com/landing/pet/Hwo9K7PQqStFO9UJYmVm9WzRYkIhpLdD/reunited-booboo-hayward-ca-94541,5414373,BooBoo,Male,SAFE,"Black long haired cat with a little tiny bit of white on his chest/neck area and a little white inside his ears.  Green eyes, neutered. He’s really skittish so will not come to anyone. He didn’t come in last night or this morning to eat, not like him at all!  He’s chipped and has a collar. You can’t see his collar because of his long hair. He always stays close to home. He always comes in when called so we’re thinking he’s trapped somewhere or he would come when we called. Please everyone look for our baby Boo. We’re so worried. ","Hayward, CA 94541","Hayward,+CA+94541",37.6737239,-122.1007867,black,#003366
111,https://www.pawboost.com/landing/pet/ww7chAYOzQ7a-3lDlG4TljkppSh_7mj-/reunited-coco-el-sobrante-ca-94803,5433582,Coco,Female,SAFE,"Mostly white with striped tiger face, brown fluffy tail, blue eyes. Very friendly and soft. Ragdoll mix. 10 lbs, medium sized cat with medium hair. ","El Sobrante, CA 94803","El+Sobrante,+CA+94803",37.9587253,-122.2767313,white,#FFFFFF
112,https://www.pawboost.com/landing/pet/ZiG_5eMHBKlKdlTZTCvQPhyYlq4fog4H/reunited-mirasol-daly-city-ca-94014,5496823,Mirasol,Female,SAFE,White with black grayish spot long hair ,"Daly City, CA 94014","Daly+City,+CA+94014",37.6904558,-122.4523855,white,#FFFFFF
113,https://www.pawboost.com/landing/pet/6qEC9jlrcDf9PeSz40asf2yf_TogaA75/reunited-cassius-san-francisco-ca-94112,5493689,Cassius,Male,SAFE,"Cream and white, domestic shorthair mix","San Francisco, CA 94112","San+Francisco,+CA+94112",37.7225491,-122.4410618,white,#FFFFFF
114,https://www.pawboost.com/landing/pet/MTUFTyIFbIJD5S0HGdLWcHAroY979Lq8/reunited-chance-san-lorenzo-ca-94580,5414706,Chance,Male,SAFE,black and white tuxedo cat-long haired,"San Lorenzo, CA 94580","San+Lorenzo,+CA+94580",37.6729393,-122.1348629,black_white,#A9A9A9
115,https://www.pawboost.com/landing/pet/XmAmzJZXI-nxHxywrErqk4tVUhhTZuBc/reunited-morris-el-sobrante-ca-94803,5474229,Morris,Male,SAFE,Orange and white Tabby cat,"El Sobrante, CA 94803","El+Sobrante,+CA+94803",37.9587253,-122.2767313,orange,#FF9900
116,https://www.pawboost.com/landing/pet/96BMAf5ryK7R0yA8fou6R1QSVFEdYPdl/reunited-sammy-hayward-ca-94541,5479856,Sammy,Male,SAFE,NEIGHBORHOOD LAST SEEN,"Hayward, CA 94541","Hayward,+CA+94541",37.6737239,-122.1007867,other,#ADD8E6
117,https://www.pawboost.com/landing/pet/AiBU2UPM8f7ARUyaqYHI1AcahYLjaWst/reunited-daisy-san-francisco-ca-94116,5496258,Daisy,Female,SAFE,Siberian cat with brown fluffy back and white belly. ,"San Francisco, CA 94116","San+Francisco,+CA+94116",37.7432421,-122.497668,other,#ADD8E6
118,https://www.pawboost.com/landing/pet/ZgpeGmtqfzqwXPQonm7vS2NsGbu1BKC8/reunited-littleboy-san-francisco-ca-94116,5434257,Little Boy,Male,SAFE,"GRAY,  Green Eyes,  male cat ----  LONG HAIR --- Very Fluffy Tail","San Francisco, CA 94116","San+Francisco,+CA+94116",37.7432421,-122.497668,gray,#969888
119,https://www.pawboost.com/landing/pet/O2UCY-BJbutlx0mYbZQn4rxbbKzUnzmM/reunited-lil-boy-san-francisco-ca-94116,5434266,Lil’  Boy,Male,SAFE,"All GREY ( considered “Blue” ), green eyes, long haired, male cat..... Very fluffy tail!!
Very Friendly — but may be scared!!","San Francisco, CA 94116","San+Francisco,+CA+94116",37.7432421,-122.497668,gray,#969888
120,https://www.pawboost.com/landing/pet/IJQ6cw7OaKUXHrNkCbzMAzasjV8N6Iz7/reunited-junior-hercules-ca-94547,5409519,Junior,Male,SAFE,Grey stripes with white around the mouth and stomach,"Hercules, CA 94547","Hercules,+CA+94547",38.00674,-122.259717,gray,#969888
121,https://www.pawboost.com/landing/pet/Ooaz0OqiKHOrmXA9MO4c6iAc-5k2jFIQ/reunited-stretch-hayward-ca-94541,5431522,Stretch,Male,SAFE,"Grey & white, neutered male, about six yrs old, 10lbs, long frame, kind of shy with strangers but can be friendly.","Hayward, CA 94541","Hayward,+CA+94541",37.6737239,-122.1007867,gray,#969888
122,https://www.pawboost.com/landing/pet/9hXg6WETymsdGtLOwxv-0836AELjBn7q/reunited-yoko-walnut-creek-ca-94596,5480728,Yoko,Male,SAFE,"Brown/grey tabby, bushy tail, green eyes, 6mos old, medium haired","Walnut Creek, CA 94596","Walnut+Creek,+CA+94596",37.8824054,-122.026918,tabby,#D4C19E
123,https://www.pawboost.com/landing/pet/HP0_zTBQ81gu32IGAnEjnY0UNRMV9Prb/reunited-gabby-hayward-ca-94545,5488942,Gabby,Female,SAFE,"Light grey and white, eyes are green, and she has white hair at the tip of her fluffy tail","Hayward, CA 94545","Hayward,+CA+94545",37.6063621,-122.1178261,gray,#969888
124,https://www.pawboost.com/landing/pet/2LUfdbyzl4lSl6dn4Ikt5x4D8zya9xav/reunited-osiris-hayward-ca-94544,5395114,Osiris,Male,SAFE,Russian Blue. He is all gray. He recently had surgery so he has a shaved patch on his neck and on his front arm. He is about 12 lbs and healthy. ,"Hayward, CA 94544","Hayward,+CA+94544",37.6270256,-122.0496521,gray,#969888
125,https://www.pawboost.com/landing/pet/CjtRzU4-K_kb_9qcLNvqNfbCBT2nLWyb/reunited-kitty-hercules-ca-94547,5422976,Kitty,Female,SAFE,"Kitty is mostly brown and black striped on top with a white belly, chest, paws, and face and has a big fluffy tail. She is spayed and chipped. She is skittish around strangers and probably scared.","Hercules, CA 94547","Hercules,+CA+94547",38.00674,-122.259717,tabby,#D4C19E
126,https://www.pawboost.com/landing/pet/ssEPLIaD-G36dxo8x5dsggKaRC3r7ccb/reunited-maumau-strawberry-ca-94941,5438621,Mau Mau,Male,SAFE,"Bengal Cat - Symmetrical Marbled Pattern.  Big boy, 16 lbs.  Indoor cat, not street savvy.  His collar came off trying to catch him.  He is micro-chipped.  Entice with food, he's sure to be hungry. Please help us bring Mau Mau home.  We MISS HIM SO MUCH!","Strawberry, CA 94941","Strawberry,+CA+94941",37.8968703,-122.508863,other,#ADD8E6
127,https://www.pawboost.com/landing/pet/jQ3QpxjdctGpFqEJiLJP4K1YVhH4M-8f/reunited-timo-san-bruno-ca-94066,5430368,Timo,Male,SAFE,black with a few white stray hairs on his back,"San Bruno, CA 94066","San+Bruno,+CA+94066",37.6210696,-122.4297369,black,#003366
128,https://www.pawboost.com/landing/pet/4ly9DWBV7N8tBtW3y37gEQEiXRzFfrtl/reunited-alice-walnut-creek-ca-94597,5449282,Alice,Female,SAFE,Alice has a half mustache and a brown stain on back leg.,"Walnut Creek, CA 94597","Walnut+Creek,+CA+94597",37.9193365,-122.0780632,other,#ADD8E6
